game_id,first_seen,spread,total,home_ml,away_ml
2026_03_CAR_CLE,2026-09-27,-2.5,41.5,114.0,-135.0
2026_03_CIN_PIT,2026-09-27,-3.5,42.5,150.0,-180.0
2026_03_HOU_IND,2026-09-27,-1.5,41.5,105.0,-125.0
2026_03_KC_MIA,2026-09-27,-10.0,45.5,440.0,-600.0
2026_03_LAC_BUF,2026-09-27,7.0,50.5,-325.0,260.0
2026_03_NE_JAX,2026-09-27,3.0,46.5,-162.0,136.0
2026_03_NYJ_DET,2026-09-27,7.0,49.5,-325.0,260.0
2026_03_SEA_WAS,2026-09-27,-8.5,40.5,320.0,-410.0
2026_03_TEN_NYG,2026-09-27,2.5,37.5,-130.0,110.0
2026_03_ARI_SF,2026-09-27,7.5,48.5,-395.0,310.0
2026_03_MIN_TB,2026-09-27,-1.5,42.5,-105.0,-115.0
2026_03_BAL_DAL,2026-09-27,-3.0,53.5,140.0,-166.0
2026_03_LV_NO,2026-09-27,3.5,43.5,-192.0,160.0
2026_03_LA_DEN,2026-09-27,-1.5,44.5,110.0,-130.0
2026_03_PHI_CHI,2026-09-27,-4.5,41.5,180.0,-218.0
