seen,game_id,book,market,v1,v2,v3,v4
2026-09-27 15:12,2026_03_ARI_SF,draftkings,ml,-380,300,,
2026-09-27 15:12,2026_03_ARI_SF,draftkings,sp,-7.5,-110,7.5,-110
2026-09-27 15:12,2026_03_ARI_SF,draftkings,to,48.5,-105,48.5,-115
2026-09-27 15:12,2026_03_ARI_SF,betus,ml,-380,305,,
2026-09-27 15:12,2026_03_ARI_SF,betus,sp,-7.5,-105,7.5,-115
2026-09-27 15:12,2026_03_ARI_SF,betus,to,48,-110,48,-110
2026-09-27 15:12,2026_03_ARI_SF,fanduel,ml,-400,315,,
2026-09-27 15:12,2026_03_ARI_SF,fanduel,sp,-7.5,-106,7.5,-114
2026-09-27 15:12,2026_03_ARI_SF,fanduel,to,48.5,-105,48.5,-115
2026-09-27 15:12,2026_03_ARI_SF,betrivers,ml,-455,335,,
2026-09-27 15:12,2026_03_ARI_SF,betrivers,sp,-7.5,-112,7.5,-109
2026-09-27 15:12,2026_03_ARI_SF,betrivers,to,48.5,-109,48.5,-112
2026-09-27 15:12,2026_03_ARI_SF,ballybet,ml,-455,335,,
2026-09-27 15:12,2026_03_ARI_SF,ballybet,sp,-7.5,-112,7.5,-109
2026-09-27 15:12,2026_03_ARI_SF,ballybet,to,48.5,-109,48.5,-112
2026-09-27 15:12,2026_03_ARI_SF,betparx,ml,-455,335,,
2026-09-27 15:12,2026_03_ARI_SF,betparx,sp,-7.5,-112,7.5,-109
2026-09-27 15:12,2026_03_ARI_SF,betparx,to,48.5,-109,48.5,-112
2026-09-27 15:12,2026_03_ARI_SF,lowvig,ml,-380,303,,
2026-09-27 15:12,2026_03_ARI_SF,lowvig,sp,-7.5,-108,7.5,-102
2026-09-27 15:12,2026_03_ARI_SF,lowvig,to,48.5,-107,48.5,-107
2026-09-27 15:12,2026_03_ARI_SF,betonlineag,ml,-380,303,,
2026-09-27 15:12,2026_03_ARI_SF,betonlineag,sp,-7.5,-107,7.5,-113
2026-09-27 15:12,2026_03_ARI_SF,betonlineag,to,48.5,-110,48.5,-110
2026-09-27 15:12,2026_03_ARI_SF,mybookieag,ml,-374,302,,
2026-09-27 15:12,2026_03_ARI_SF,mybookieag,sp,-7.5,-110,7.5,-110
2026-09-27 15:12,2026_03_ARI_SF,mybookieag,to,48,-110,48,-110
2026-09-27 15:12,2026_03_ARI_SF,fliff,ml,-460,315,,
2026-09-27 15:12,2026_03_ARI_SF,fliff,sp,-7.5,-115,7.5,-110
2026-09-27 15:12,2026_03_ARI_SF,fliff,to,48.5,-110,48.5,-115
2026-09-27 15:12,2026_03_ARI_SF,betmgm,ml,-375,300,,
2026-09-27 15:12,2026_03_ARI_SF,betmgm,sp,-7.5,-105,7.5,-105
2026-09-27 15:12,2026_03_ARI_SF,betmgm,to,48.5,-108,48.5,-110
2026-09-27 15:12,2026_03_ARI_SF,hardrockbet,ml,-425,325,,
2026-09-27 15:12,2026_03_ARI_SF,hardrockbet,sp,-7.5,-115,7.5,-105
2026-09-27 15:12,2026_03_ARI_SF,hardrockbet,to,48,-110,48,-110
2026-09-27 15:12,2026_03_ARI_SF,pinnacle,ml,-359,303,,
2026-09-27 15:12,2026_03_ARI_SF,pinnacle,sp,-7.5,-105,7.5,-105
2026-09-27 15:12,2026_03_ARI_SF,pinnacle,to,48.5,-104,48.5,-108
2026-09-27 15:12,2026_03_ARI_SF,espnbet,ml,-380,290,,
2026-09-27 15:12,2026_03_ARI_SF,espnbet,sp,-7.5,-105,7.5,-115
2026-09-27 15:12,2026_03_ARI_SF,espnbet,to,48.5,-105,48.5,-115
2026-09-27 15:12,2026_03_ARI_SF,bovada,ml,-380,290,,
2026-09-27 15:12,2026_03_ARI_SF,bovada,sp,-7.5,-110,7.5,-110
2026-09-27 15:12,2026_03_ARI_SF,bovada,to,48.5,-110,48.5,-110
2026-09-27 15:12,2026_03_MIN_TB,draftkings,ml,-105,-115,,
2026-09-27 15:12,2026_03_MIN_TB,draftkings,sp,1.5,-118,-1.5,-102
2026-09-27 15:12,2026_03_MIN_TB,draftkings,to,42.5,-112,42.5,-108
2026-09-27 15:12,2026_03_MIN_TB,betus,sp,0,100,0,-120
2026-09-27 15:12,2026_03_MIN_TB,betus,to,42.5,-110,42.5,-110
2026-09-27 15:12,2026_03_MIN_TB,fanduel,ml,-104,-112,,
2026-09-27 15:12,2026_03_MIN_TB,fanduel,sp,1.5,-118,-1.5,-104
2026-09-27 15:12,2026_03_MIN_TB,fanduel,to,42.5,-115,42.5,-105
2026-09-27 15:12,2026_03_MIN_TB,betrivers,ml,100,-121,,
2026-09-27 15:12,2026_03_MIN_TB,betrivers,sp,1.5,-113,-1.5,-108
2026-09-27 15:12,2026_03_MIN_TB,betrivers,to,42.5,-108,42.5,-113
2026-09-27 15:12,2026_03_MIN_TB,ballybet,ml,100,-121,,
2026-09-27 15:12,2026_03_MIN_TB,ballybet,sp,1.5,-113,-1.5,-108
2026-09-27 15:12,2026_03_MIN_TB,ballybet,to,42.5,-108,42.5,-113
2026-09-27 15:12,2026_03_MIN_TB,betparx,ml,100,-121,,
2026-09-27 15:12,2026_03_MIN_TB,betparx,sp,1.5,-113,-1.5,-108
2026-09-27 15:12,2026_03_MIN_TB,betparx,to,42.5,-108,42.5,-113
2026-09-27 15:12,2026_03_MIN_TB,lowvig,ml,-106,-114,,
2026-09-27 15:12,2026_03_MIN_TB,lowvig,sp,1,-105,-1,-105
2026-09-27 15:12,2026_03_MIN_TB,lowvig,to,42.5,-109,42.5,-105
2026-09-27 15:12,2026_03_MIN_TB,betonlineag,ml,-106,-114,,
2026-09-27 15:12,2026_03_MIN_TB,betonlineag,sp,1,-110,-1,-110
2026-09-27 15:12,2026_03_MIN_TB,betonlineag,to,42.5,-112,42.5,-108
2026-09-27 15:12,2026_03_MIN_TB,mybookieag,ml,103,-121,,
2026-09-27 15:12,2026_03_MIN_TB,mybookieag,sp,1.5,-110,-1.5,-110
2026-09-27 15:12,2026_03_MIN_TB,mybookieag,to,42.5,-110,42.5,-110
2026-09-27 15:12,2026_03_MIN_TB,fliff,ml,-105,-120,,
2026-09-27 15:12,2026_03_MIN_TB,fliff,sp,1.5,-115,-1.5,-105
2026-09-27 15:12,2026_03_MIN_TB,fliff,to,42.5,-110,42.5,-115
2026-09-27 15:12,2026_03_MIN_TB,betmgm,ml,100,-118,,
2026-09-27 15:12,2026_03_MIN_TB,betmgm,sp,1,-108,-1,-110
2026-09-27 15:12,2026_03_MIN_TB,betmgm,to,42.5,-110,42.5,-108
2026-09-27 15:12,2026_03_MIN_TB,hardrockbet,ml,-105,-115,,
2026-09-27 15:12,2026_03_MIN_TB,hardrockbet,sp,1,-110,-1,-110
2026-09-27 15:12,2026_03_MIN_TB,hardrockbet,to,42.5,-115,42.5,-105
2026-09-27 15:12,2026_03_MIN_TB,espnbet,ml,-105,-115,,
2026-09-27 15:12,2026_03_MIN_TB,espnbet,sp,1.5,-120,-1.5,100
2026-09-27 15:12,2026_03_MIN_TB,espnbet,to,42.5,-110,42.5,-110
2026-09-27 15:12,2026_03_MIN_TB,bovada,ml,-105,-115,,
2026-09-27 15:12,2026_03_MIN_TB,bovada,sp,1,-110,-1,-110
2026-09-27 15:12,2026_03_MIN_TB,bovada,to,42.5,-105,42.5,-115
2026-09-27 15:12,2026_03_MIN_TB,pinnacle,ml,101,-111,,
2026-09-27 15:12,2026_03_MIN_TB,pinnacle,sp,1,-106,-1,-104
2026-09-27 15:12,2026_03_MIN_TB,pinnacle,to,43,104,43,-117
2026-09-27 15:12,2026_03_BAL_DAL,draftkings,ml,142,-170,,
2026-09-27 15:12,2026_03_BAL_DAL,draftkings,sp,3,100,-3,-120
2026-09-27 15:12,2026_03_BAL_DAL,draftkings,to,53.5,-108,53.5,-112
2026-09-27 15:12,2026_03_BAL_DAL,fanduel,ml,148,-176,,
2026-09-27 15:12,2026_03_BAL_DAL,fanduel,sp,3.5,-120,-3.5,-102
2026-09-27 15:12,2026_03_BAL_DAL,fanduel,to,52.5,-114,52.5,-106
2026-09-27 15:12,2026_03_BAL_DAL,betmgm,ml,145,-175,,
2026-09-27 15:12,2026_03_BAL_DAL,betmgm,sp,3.5,-110,-3.5,100
2026-09-27 15:12,2026_03_BAL_DAL,betmgm,to,53.5,-108,53.5,-110
2026-09-27 15:12,2026_03_BAL_DAL,espnbet,ml,155,-185,,
2026-09-27 15:12,2026_03_BAL_DAL,espnbet,sp,3.5,-115,-3.5,-105
2026-09-27 15:12,2026_03_BAL_DAL,espnbet,to,53.5,-105,53.5,-115
2026-09-27 15:12,2026_03_BAL_DAL,bovada,ml,155,-180,,
2026-09-27 15:12,2026_03_BAL_DAL,bovada,sp,3.5,-120,-3.5,100
2026-09-27 15:12,2026_03_BAL_DAL,bovada,to,53,-115,53,-105
2026-09-27 15:12,2026_03_BAL_DAL,ballybet,ml,140,-175,,
2026-09-27 15:12,2026_03_BAL_DAL,ballybet,sp,3.5,-120,-3.5,-103
2026-09-27 15:12,2026_03_BAL_DAL,ballybet,to,52.5,-113,52.5,-108
2026-09-27 15:12,2026_03_BAL_DAL,betparx,ml,140,-175,,
2026-09-27 15:12,2026_03_BAL_DAL,betparx,sp,3.5,-120,-3.5,-103
2026-09-27 15:12,2026_03_BAL_DAL,betparx,to,52.5,-113,52.5,-108
2026-09-27 15:12,2026_03_BAL_DAL,betrivers,ml,140,-175,,
2026-09-27 15:12,2026_03_BAL_DAL,betrivers,sp,3.5,-120,-3.5,-103
2026-09-27 15:12,2026_03_BAL_DAL,betrivers,to,52.5,-113,52.5,-108
2026-09-27 15:12,2026_03_BAL_DAL,betus,ml,150,-175,,
2026-09-27 15:12,2026_03_BAL_DAL,betus,sp,3,100,-3,-120
2026-09-27 15:12,2026_03_BAL_DAL,betus,to,53.5,-110,53.5,-110
2026-09-27 15:12,2026_03_BAL_DAL,mybookieag,ml,147,-175,,
2026-09-27 15:12,2026_03_BAL_DAL,mybookieag,sp,3.5,-120,-3.5,100
2026-09-27 15:12,2026_03_BAL_DAL,mybookieag,to,53.5,-110,53.5,-110
2026-09-27 15:12,2026_03_BAL_DAL,lowvig,ml,152,-173,,
2026-09-27 15:12,2026_03_BAL_DAL,lowvig,sp,3,105,-3,-116
2026-09-27 15:12,2026_03_BAL_DAL,lowvig,to,53.5,-107,53.5,-107
2026-09-27 15:12,2026_03_BAL_DAL,betonlineag,ml,152,-173,,
2026-09-27 15:12,2026_03_BAL_DAL,betonlineag,sp,3,100,-3,-120
2026-09-27 15:12,2026_03_BAL_DAL,betonlineag,to,53.5,-110,53.5,-110
2026-09-27 15:12,2026_03_BAL_DAL,fliff,ml,140,-180,,
2026-09-27 15:12,2026_03_BAL_DAL,fliff,sp,3.5,-125,-3.5,100
2026-09-27 15:12,2026_03_BAL_DAL,fliff,to,53.5,-110,53.5,-115
2026-09-27 15:12,2026_03_BAL_DAL,hardrockbet,ml,150,-185,,
2026-09-27 15:12,2026_03_BAL_DAL,hardrockbet,sp,3.5,-115,-3.5,-105
2026-09-27 15:12,2026_03_BAL_DAL,hardrockbet,to,52.5,-115,52.5,100
2026-09-27 15:12,2026_03_BAL_DAL,pinnacle,ml,156,-174,,
2026-09-27 15:12,2026_03_BAL_DAL,pinnacle,sp,3.5,-116,-3.5,105
2026-09-27 15:12,2026_03_BAL_DAL,pinnacle,to,53,-110,53,-102
2026-09-27 15:12,2026_03_LV_NO,draftkings,ml,-185,154,,
2026-09-27 15:12,2026_03_LV_NO,draftkings,sp,-3.5,-108,3.5,-112
2026-09-27 15:12,2026_03_LV_NO,draftkings,to,43.5,-118,43.5,-102
2026-09-27 15:12,2026_03_LV_NO,betus,ml,-185,159,,
2026-09-27 15:12,2026_03_LV_NO,betus,sp,-3.5,-110,3.5,-110
2026-09-27 15:12,2026_03_LV_NO,betus,to,43.5,-110,43.5,-110
2026-09-27 15:12,2026_03_LV_NO,fanduel,ml,-180,152,,
2026-09-27 15:12,2026_03_LV_NO,fanduel,sp,-3.5,-104,3.5,-118
2026-09-27 15:12,2026_03_LV_NO,fanduel,to,43.5,-115,43.5,-105
2026-09-27 15:12,2026_03_LV_NO,ballybet,ml,-186,150,,
2026-09-27 15:12,2026_03_LV_NO,ballybet,sp,-3,-120,3,-103
2026-09-27 15:12,2026_03_LV_NO,ballybet,to,43.5,-113,43.5,-108
2026-09-27 15:12,2026_03_LV_NO,betrivers,ml,-186,150,,
2026-09-27 15:12,2026_03_LV_NO,betrivers,sp,-3.5,-103,3.5,-120
2026-09-27 15:12,2026_03_LV_NO,betrivers,to,43.5,-113,43.5,-108
2026-09-27 15:12,2026_03_LV_NO,betparx,ml,-186,150,,
2026-09-27 15:12,2026_03_LV_NO,betparx,sp,-3,-120,3,-103
2026-09-27 15:12,2026_03_LV_NO,betparx,to,43.5,-113,43.5,-108
2026-09-27 15:12,2026_03_LV_NO,lowvig,ml,-183,160,,
2026-09-27 15:12,2026_03_LV_NO,lowvig,sp,-3.5,100,3.5,-110
2026-09-27 15:12,2026_03_LV_NO,lowvig,to,43.5,-109,43.5,-105
2026-09-27 15:12,2026_03_LV_NO,betonlineag,ml,-183,160,,
2026-09-27 15:12,2026_03_LV_NO,betonlineag,sp,-3.5,-105,3.5,-115
2026-09-27 15:12,2026_03_LV_NO,betonlineag,to,43.5,-112,43.5,-108
2026-09-27 15:12,2026_03_LV_NO,mybookieag,ml,-185,156,,
2026-09-27 15:12,2026_03_LV_NO,mybookieag,sp,-3.5,100,3.5,-120
2026-09-27 15:12,2026_03_LV_NO,mybookieag,to,44,-110,44,-110
2026-09-27 15:12,2026_03_LV_NO,fliff,ml,-185,145,,
2026-09-27 15:12,2026_03_LV_NO,fliff,sp,-3.5,-105,3.5,-120
2026-09-27 15:12,2026_03_LV_NO,fliff,to,44.5,-105,44.5,-120
2026-09-27 15:12,2026_03_LV_NO,betmgm,ml,-185,155,,
2026-09-27 15:12,2026_03_LV_NO,betmgm,sp,-3.5,-105,3.5,-112
2026-09-27 15:12,2026_03_LV_NO,betmgm,to,44,-110,44,-120
2026-09-27 15:12,2026_03_LV_NO,hardrockbet,ml,-185,155,,
2026-09-27 15:12,2026_03_LV_NO,hardrockbet,sp,-3.5,-105,3.5,-115
2026-09-27 15:12,2026_03_LV_NO,hardrockbet,to,43.5,-115,43.5,-105
2026-09-27 15:12,2026_03_LV_NO,pinnacle,ml,-177,159,,
2026-09-27 15:12,2026_03_LV_NO,pinnacle,sp,-3.5,103,3.5,-113
2026-09-27 15:12,2026_03_LV_NO,pinnacle,to,44,-102,44,-111
2026-09-27 15:12,2026_03_LV_NO,espnbet,ml,-175,150,,
2026-09-27 15:12,2026_03_LV_NO,espnbet,sp,-3.5,-105,3.5,-115
2026-09-27 15:12,2026_03_LV_NO,espnbet,to,43.5,-110,43.5,-110
2026-09-27 15:12,2026_03_LV_NO,bovada,ml,-180,155,,
2026-09-27 15:12,2026_03_LV_NO,bovada,sp,-3.5,100,3.5,-120
2026-09-27 15:12,2026_03_LV_NO,bovada,to,43.5,-115,43.5,-105
2026-09-27 15:12,2026_03_LA_DEN,draftkings,ml,110,-130,,
2026-09-27 15:12,2026_03_LA_DEN,draftkings,sp,1.5,-108,-1.5,-112
2026-09-27 15:12,2026_03_LA_DEN,draftkings,to,44.5,-102,44.5,-118
2026-09-27 15:12,2026_03_LA_DEN,betus,ml,110,-130,,
2026-09-27 15:12,2026_03_LA_DEN,betus,sp,1,100,-1,-120
2026-09-27 15:12,2026_03_LA_DEN,betus,to,44,-110,44,-110
2026-09-27 15:12,2026_03_LA_DEN,fanduel,ml,108,-126,,
2026-09-27 15:12,2026_03_LA_DEN,fanduel,sp,2.5,-118,-2.5,-104
2026-09-27 15:12,2026_03_LA_DEN,fanduel,to,44.5,-105,44.5,-115
2026-09-27 15:12,2026_03_LA_DEN,ballybet,ml,107,-129,,
2026-09-27 15:12,2026_03_LA_DEN,ballybet,sp,2,-112,-2,-109
2026-09-27 15:12,2026_03_LA_DEN,ballybet,to,44,-114,44,-107
2026-09-27 15:12,2026_03_LA_DEN,betrivers,ml,107,-129,,
2026-09-27 15:12,2026_03_LA_DEN,betrivers,sp,2,-112,-2,-109
2026-09-27 15:12,2026_03_LA_DEN,betrivers,to,44,-114,44,-107
2026-09-27 15:12,2026_03_LA_DEN,betparx,ml,107,-129,,
2026-09-27 15:12,2026_03_LA_DEN,betparx,sp,2,-112,-2,-109
2026-09-27 15:12,2026_03_LA_DEN,betparx,to,44,-114,44,-107
2026-09-27 15:12,2026_03_LA_DEN,lowvig,ml,105,-125,,
2026-09-27 15:12,2026_03_LA_DEN,lowvig,sp,1,105,-1,-116
2026-09-27 15:12,2026_03_LA_DEN,lowvig,to,44,-107,44,-107
2026-09-27 15:12,2026_03_LA_DEN,betonlineag,ml,105,-125,,
2026-09-27 15:12,2026_03_LA_DEN,betonlineag,sp,1,100,-1,-120
2026-09-27 15:12,2026_03_LA_DEN,betonlineag,to,44,-110,44,-110
2026-09-27 15:12,2026_03_LA_DEN,mybookieag,ml,101,-118,,
2026-09-27 15:12,2026_03_LA_DEN,mybookieag,sp,1.5,-110,-1.5,-110
2026-09-27 15:12,2026_03_LA_DEN,mybookieag,to,44,-110,44,-110
2026-09-27 15:12,2026_03_LA_DEN,fliff,ml,105,-130,,
2026-09-27 15:12,2026_03_LA_DEN,fliff,sp,1.5,-110,-1.5,-115
2026-09-27 15:12,2026_03_LA_DEN,fliff,to,44.5,-105,44.5,-115
2026-09-27 15:12,2026_03_LA_DEN,betmgm,ml,105,-125,,
2026-09-27 15:12,2026_03_LA_DEN,betmgm,sp,1.5,-108,-1.5,-110
2026-09-27 15:12,2026_03_LA_DEN,betmgm,to,44,-108,44,-110
2026-09-27 15:12,2026_03_LA_DEN,hardrockbet,ml,110,-130,,
2026-09-27 15:12,2026_03_LA_DEN,hardrockbet,sp,1.5,-105,-1.5,-115
2026-09-27 15:12,2026_03_LA_DEN,hardrockbet,to,44,-110,44,-110
2026-09-27 15:12,2026_03_LA_DEN,espnbet,ml,110,-130,,
2026-09-27 15:12,2026_03_LA_DEN,espnbet,sp,1.5,-110,-1.5,-110
2026-09-27 15:12,2026_03_LA_DEN,espnbet,to,43.5,-120,43.5,-105
2026-09-27 15:12,2026_03_LA_DEN,bovada,ml,110,-130,,
2026-09-27 15:12,2026_03_LA_DEN,bovada,sp,2,-110,-2,-110
2026-09-27 15:12,2026_03_LA_DEN,bovada,to,44,-110,44,-110
2026-09-27 15:12,2026_03_LA_DEN,pinnacle,ml,113,-124,,
2026-09-27 15:12,2026_03_LA_DEN,pinnacle,sp,1.5,100,-1.5,-110
2026-09-27 15:12,2026_03_LA_DEN,pinnacle,to,44,-106,44,-106
2026-09-27 15:12,2026_03_PHI_CHI,draftkings,ml,180,-218,,
2026-09-27 15:12,2026_03_PHI_CHI,draftkings,sp,4.5,-110,-4.5,-110
2026-09-27 15:12,2026_03_PHI_CHI,draftkings,to,41.5,-105,41.5,-115
2026-09-27 15:12,2026_03_PHI_CHI,fanduel,ml,176,-210,,
2026-09-27 15:12,2026_03_PHI_CHI,fanduel,sp,4.5,-114,-4.5,-106
2026-09-27 15:12,2026_03_PHI_CHI,fanduel,to,41.5,-110,41.5,-110
2026-09-27 15:12,2026_03_PHI_CHI,ballybet,ml,170,-210,,
2026-09-27 15:12,2026_03_PHI_CHI,ballybet,sp,4.5,-114,-4.5,-107
2026-09-27 15:12,2026_03_PHI_CHI,ballybet,to,41.5,-113,41.5,-108
2026-09-27 15:12,2026_03_PHI_CHI,betrivers,ml,170,-210,,
2026-09-27 15:12,2026_03_PHI_CHI,betrivers,sp,4.5,-114,-4.5,-107
2026-09-27 15:12,2026_03_PHI_CHI,betrivers,to,42,-108,42,-113
2026-09-27 15:12,2026_03_PHI_CHI,betparx,ml,170,-210,,
2026-09-27 15:12,2026_03_PHI_CHI,betparx,sp,4.5,-114,-4.5,-107
2026-09-27 15:12,2026_03_PHI_CHI,betparx,to,41.5,-113,41.5,-108
2026-09-27 15:12,2026_03_PHI_CHI,betus,ml,167,-195,,
2026-09-27 15:12,2026_03_PHI_CHI,betus,sp,3.5,-105,-3.5,-115
2026-09-27 15:12,2026_03_PHI_CHI,betus,to,41.5,-105,41.5,-115
2026-09-27 15:12,2026_03_PHI_CHI,lowvig,ml,170,-195,,
2026-09-27 15:12,2026_03_PHI_CHI,lowvig,sp,3.5,101,-3.5,-112
2026-09-27 15:12,2026_03_PHI_CHI,lowvig,to,41.5,-102,41.5,-113
2026-09-27 15:12,2026_03_PHI_CHI,betonlineag,ml,170,-195,,
2026-09-27 15:12,2026_03_PHI_CHI,betonlineag,sp,3.5,-105,-3.5,-115
2026-09-27 15:12,2026_03_PHI_CHI,betonlineag,to,41.5,-105,41.5,-115
2026-09-27 15:12,2026_03_PHI_CHI,mybookieag,ml,170,-212,,
2026-09-27 15:12,2026_03_PHI_CHI,mybookieag,sp,4,-110,-4,-110
2026-09-27 15:12,2026_03_PHI_CHI,mybookieag,to,41.5,-110,41.5,-110
2026-09-27 15:12,2026_03_PHI_CHI,fliff,ml,175,-230,,
2026-09-27 15:12,2026_03_PHI_CHI,fliff,sp,4.5,-120,-4.5,-105
2026-09-27 15:12,2026_03_PHI_CHI,fliff,to,41.5,-110,41.5,-110
2026-09-27 15:12,2026_03_PHI_CHI,betmgm,ml,175,-210,,
2026-09-27 15:12,2026_03_PHI_CHI,betmgm,sp,4,-110,-4,-110
2026-09-27 15:12,2026_03_PHI_CHI,betmgm,to,41.5,-108,41.5,-110
2026-09-27 15:12,2026_03_PHI_CHI,espnbet,ml,175,-210,,
2026-09-27 15:12,2026_03_PHI_CHI,espnbet,sp,4,-105,-4,-115
2026-09-27 15:12,2026_03_PHI_CHI,espnbet,to,41.5,-110,41.5,-110
2026-09-27 15:12,2026_03_PHI_CHI,bovada,ml,170,-200,,
2026-09-27 15:12,2026_03_PHI_CHI,bovada,sp,3.5,-105,-3.5,-115
2026-09-27 15:12,2026_03_PHI_CHI,bovada,to,41.5,-110,41.5,-110
2026-09-27 15:12,2026_03_PHI_CHI,hardrockbet,ml,180,-210,,
2026-09-27 15:12,2026_03_PHI_CHI,hardrockbet,sp,4,-110,-4,-110
2026-09-27 15:12,2026_03_PHI_CHI,hardrockbet,to,41.5,-110,41.5,-110
2026-09-27 15:12,2026_03_PHI_CHI,pinnacle,ml,175,-197,,
2026-09-27 15:12,2026_03_PHI_CHI,pinnacle,sp,3.5,-102,-3.5,-108
2026-09-27 15:12,2026_03_PHI_CHI,pinnacle,to,41.5,-105,41.5,-107
